{
  "IcoMoonType": "selection",
  "icons": [
    {
      "icon": {
        "paths": [
          "M853.31 0h-682.62c-93.88 0-170.69 76.784-170.69 170.658v682.656c0 93.876 76.81 170.686 170.69 170.686h682.622c93.938 0 170.688-76.81 170.688-170.686v-682.656c0-93.874-76.75-170.658-170.69-170.658zM256 256h512c9.138 0 18.004 1.962 26.144 5.662l-282.144 329.168-282.144-329.17c8.14-3.696 17.006-5.66 26.144-5.66zM192 704v-384c0-1.34 0.056-2.672 0.14-4l187.664 218.94-185.598 185.6c-1.444-5.338-2.206-10.886-2.206-16.54zM768 768h-512c-5.654 0-11.202-0.762-16.54-2.206l182.118-182.118 90.422 105.496 90.424-105.494 182.116 182.118c-5.34 1.442-10.886 2.204-16.54 2.204zM832 704c0 5.654-0.762 11.2-2.206 16.54l-185.598-185.598 187.664-218.942c0.084 1.328 0.14 2.66 0.14 4v384z"
        ],
        "tags": [
          "mail",
          "contact",
          "support",
          "newsletter",
          "letter",
          "email",
          "envelop",
          "social"
        ],
        "defaultCode": 60035,
        "grid": 16,
        "attrs": []
      },
      "attrs": [],
      "properties": {
        "ligatures": "mail2, contact2",
        "name": "mail",
        "order": 41,
        "id": 388,
        "prevSize": 32
      },
      "setIdx": 2,
      "setId": 1,
      "iconIdx": 387
    },
    {
      "icon": {
        "paths": [
          "M608 192h160v-192h-160c-123.514 0-224 100.486-224 224v96h-128v192h128v512h192v-512h160l32-192h-192v-96c0-17.346 14.654-32 32-32z"
        ],
        "tags": [
          "facebook",
          "brand",
          "social"
        ],
        "defaultCode": 60048,
        "grid": 16,
        "attrs": []
      },
      "attrs": [],
      "properties": {
        "ligatures": "facebook, brand10",
        "name": "facebook",
        "order": 36,
        "id": 401,
        "prevSize": 32,
        "code": 60048
      },
      "setIdx": 2,
      "setId": 1,
      "iconIdx": 400
    },
    {
      "icon": {
        "paths": [
          "M1024 226.4c-37.6 16.8-78.2 28-120.6 33 43.4-26 76.6-67.2 92.4-116.2-40.6 24-85.6 41.6-133.4 51-38.4-40.8-93-66.2-153.4-66.2-116 0-210 94-210 210 0 16.4 1.8 32.4 5.4 47.8-174.6-8.8-329.4-92.4-433-219.6-18 31-28.4 67.2-28.4 105.6 0 72.8 37 137.2 93.4 174.8-34.4-1-66.8-10.6-95.2-26.2 0 0.8 0 1.8 0 2.6 0 101.8 72.4 186.8 168.6 206-17.6 4.8-36.2 7.4-55.4 7.4-13.6 0-26.6-1.4-39.6-3.8 26.8 83.4 104.4 144.2 196.2 146-72 56.4-162.4 90-261 90-17 0-33.6-1-50.2-3 93.2 59.8 203.6 94.4 322.2 94.4 386.4 0 597.8-320.2 597.8-597.8 0-9.2-0.2-18.2-0.6-27.2 41-29.4 76.6-66.4 104.8-108.6z"
        ],
        "tags": [
          "twitter",
          "brand",
          "tweet",
          "social"
        ],
        "defaultCode": 60054,
        "grid": 16,
        "attrs": []
      },
      "attrs": [],
      "properties": {
        "ligatures": "twitter, brand16",
        "name": "twitter",
        "order": 39,
        "id": 407,
        "prevSize": 32,
        "code": 60054
      },
      "setIdx": 2,
      "setId": 1,
      "iconIdx": 406
    },
    {
      "icon": {
        "paths": [
          "M512.008 12.642c-282.738 0-512.008 229.218-512.008 511.998 0 226.214 146.704 418.132 350.136 485.836 25.586 4.738 34.992-11.11 34.992-24.632 0-12.204-0.48-52.542-0.696-95.324-142.448 30.976-172.504-60.41-172.504-60.41-23.282-59.176-56.848-74.916-56.848-74.916-46.452-31.778 3.51-31.124 3.51-31.124 51.4 3.61 78.476 52.766 78.476 52.766 45.672 78.27 119.776 55.64 149.004 42.558 4.588-33.086 17.852-55.68 32.506-68.464-113.73-12.942-233.276-56.85-233.276-253.032 0-55.898 20.004-101.574 52.76-137.428-5.316-12.9-22.854-64.972 4.952-135.5 0 0 43.006-13.752 140.84 52.49 40.836-11.348 84.636-17.036 128.154-17.234 43.502 0.198 87.336 5.886 128.256 17.234 97.734-66.244 140.656-52.49 140.656-52.49 27.872 70.528 10.35 122.6 5.036 135.5 32.82 35.856 52.694 81.532 52.694 137.428 0 196.654-119.778 239.95-233.79 252.624 18.364 15.89 34.724 47.046 34.724 94.812 0 68.508-0.596 123.644-0.596 140.508 0 13.628 9.222 29.594 35.172 24.566 203.322-67.776 349.842-259.626 349.842-485.768 0-282.78-229.234-511.998-511.992-511.998z"
        ],
        "tags": [
          "github",
          "brand",
          "octacat",
          "social"
        ],
        "defaultCode": 60080,
        "grid": 16,
        "attrs": []
      },
      "attrs": [],
      "properties": {
        "ligatures": "github, brand40",
        "name": "github",
        "order": 40,
        "id": 433,
        "prevSize": 32,
        "code": 60080
      },
      "setIdx": 2,
      "setId": 1,
      "iconIdx": 432
    },
    {
      "icon": {
        "paths": [
          "M384 384h177.106v90.782h2.532c24.64-44.194 84.958-90.782 174.842-90.782 186.946 0 221.52 116.376 221.52 267.734v308.266h-184.61v-273.278c0-65.184-1.334-149.026-96.028-149.026-96.148 0-110.82 70.986-110.82 144.292v278.012h-184.542v-576z",
          "M64 384h192v576h-192v-576z",
          "M256 224c0 53.019-42.981 96-96 96s-96-42.981-96-96c0-53.019 42.981-96 96-96s96 42.981 96 96z"
        ],
        "tags": [
          "linkedin",
          "brand",
          "social"
        ],
        "defaultCode": 60106,
        "grid": 16,
        "attrs": []
      },
      "attrs": [],
      "properties": {
        "ligatures": "linkedin2, brand65",
        "name": "linkedin2",
        "order": 38,
        "id": 459,
        "prevSize": 32,
        "code": 60106
      },
      "setIdx": 2,
      "setId": 1,
      "iconIdx": 458
    }
  ],
  "height": 1024,
  "preferences": {
    "showGlyphs": true,
    "showQuickUse": true,
    "showQuickUse2": true,
    "showSVGs": true,
    "fontPref": {
      "prefix": "icon-",
      "metadata": {
        "fontFamily": "icomoon"
      },
      "metrics": {
        "emSize": 1024,
        "baseline": 6.25,
        "whitespace": 50
      },
      "embed": false
    },
    "imagePref": {
      "prefix": "icon-",
      "png": true,
      "useClassSelector": true,
      "color": 16777215,
      "bgColor": 16777215,
      "classSelector": ".icon",
      "height": 32,
      "columns": 16,
      "margin": 16,
      "addBgColor": false
    },
    "historySize": 100,
    "showCodes": true,
    "gridSize": 16
  }
}